{"adjusted": false, "count": 4, "queryCount": 4, "request_id": "aae4763c9088690a08441923796bb9db", "results": [{"c": 10.92, "h": 11.285, "l": 10.9, "n": 72142, "o": 11.27, "t": 1784520000000, "v": 23379086.667785, "vw": 11.0179}, {"c": 10.78, "h": 11.16, "l": 10.7, "n": 79926, "o": 11.03, "t": 1784606400000, "v": 24382745.494293, "vw": 10.831}, {"c": 10.72, "h": 10.91, "l": 10.68, "n": 68794, "o": 10.885, "t": 1784692800000, "v": 25027100.364196, "vw": 10.7366}, {"c": 10.56, "h": 10.65, "l": 10.46, "n": 62877, "o": 10.6, "t": 1784779200000, "v": 23668453.276346, "vw": 10.5336}], "resultsCount": 4, "status": "DELAYED", "ticker": "AGNC"}