{"adjusted": false, "count": 3, "queryCount": 3, "request_id": "655c3fac48bdc6df6e14a75a04ac514b", "results": [{"c": 143.52, "h": 145.68, "l": 142.01, "n": 56012, "o": 145.01, "t": 1784606400000, "v": 3318586.492996, "vw": 143.9233}, {"c": 142.52, "h": 145.16, "l": 140.07, "n": 54137, "o": 143.59, "t": 1784692800000, "v": 3711228.414834, "vw": 142.398}, {"c": 142.12, "h": 142.12, "l": 138.83, "n": 54462, "o": 139.96, "t": 1784779200000, "v": 4492161.932069, "vw": 140.7471}], "resultsCount": 3, "status": "DELAYED", "ticker": "DHI"}