{"adjusted": false, "count": 4, "queryCount": 4, "request_id": "b144bf38b593fcb7a1b43357983a86e7", "results": [{"c": 162.2, "h": 166.98, "l": 161.3, "n": 106520, "o": 166.98, "t": 1776744000000, "v": 6262119.609745, "vw": 163.7898}, {"c": 161.18, "h": 164.415, "l": 159.9349, "n": 48275, "o": 162.95, "t": 1776830400000, "v": 3347769.755887, "vw": 161.097}, {"c": 164.22, "h": 164.5, "l": 160.01, "n": 54135, "o": 161.97, "t": 1776916800000, "v": 2663771.638749, "vw": 162.8255}, {"c": 159.9, "h": 164.605, "l": 159.61, "n": 44991, "o": 163.98, "t": 1777003200000, "v": 2223031.418864, "vw": 161.2467}], "resultsCount": 4, "status": "OK", "ticker": "DHI"}