{"adjusted": false, "count": 4, "queryCount": 4, "request_id": "6a932b76bab2c45ac966f4f78f8f8032", "results": [{"c": 194.54, "h": 200.5, "l": 190.46, "n": 117800, "o": 197, "t": 1776744000000, "v": 7863060.343625, "vw": 194.7881}, {"c": 184.04, "h": 195.01, "l": 183.71, "n": 84673, "o": 193.95, "t": 1776830400000, "v": 5904679.716832, "vw": 186.7528}, {"c": 178.57, "h": 180.975, "l": 175, "n": 131008, "o": 180.82, "t": 1776916800000, "v": 10185348.223469, "vw": 177.8178}, {"c": 177.25, "h": 178.98, "l": 176.48, "n": 88521, "o": 178.57, "t": 1777003200000, "v": 6410856.721868, "vw": 177.7909}], "resultsCount": 4, "status": "OK", "ticker": "DHR"}