{"adjusted": false, "count": 3, "queryCount": 3, "request_id": "f77b29c3fcf69a14cf3c9a96f3e78f04", "results": [{"c": 179.01, "h": 179.26, "l": 165.75, "n": 297850, "o": 168.835, "t": 1784606400000, "v": 28098194.021416, "vw": 175.7898}, {"c": 179.14, "h": 180.12, "l": 173, "n": 128072, "o": 178.47, "t": 1784692800000, "v": 10886711.326584, "vw": 177.2787}, {"c": 192.5, "h": 192.89, "l": 183.87, "n": 130210, "o": 185.12, "t": 1784779200000, "v": 11552905.152791, "vw": 189.9993}], "resultsCount": 3, "status": "DELAYED", "ticker": "DHR"}