{"adjusted": false, "count": 3, "queryCount": 3, "request_id": "e5874bd549a2bc86ef0260f987ef1e64", "results": [{"c": 79.52, "h": 80.1, "l": 74.8, "n": 153526, "o": 76.09, "t": 1784606400000, "v": 11919830.167083, "vw": 78.824}, {"c": 82.13, "h": 84.33, "l": 80.04, "n": 134051, "o": 80.5, "t": 1784692800000, "v": 13059546.92292, "vw": 82.1858}, {"c": 80.67, "h": 81.744, "l": 79, "n": 93038, "o": 81.36, "t": 1784779200000, "v": 9512909.06231, "vw": 80.3083}], "resultsCount": 3, "status": "DELAYED", "ticker": "GM"}