{"adjusted": false, "count": 4, "queryCount": 4, "request_id": "30b8619d1777839fa7333cd3ac505c6f", "results": [{"c": 78.95, "h": 79.4, "l": 74.781, "n": 189970, "o": 78.015, "t": 1777348800000, "v": 15041655.079029, "vw": 77.4807}, {"c": 76.62, "h": 78.31, "l": 75.375, "n": 124516, "o": 78.2, "t": 1777435200000, "v": 9250171.153212, "vw": 76.4062}, {"c": 76.89, "h": 78.075, "l": 76.51, "n": 109596, "o": 77.12, "t": 1777521600000, "v": 11020600.139639, "vw": 77.0622}, {"c": 75.77, "h": 77.5, "l": 75.52, "n": 104390, "o": 77.12, "t": 1777608000000, "v": 7161856.198397, "vw": 76.1048}], "resultsCount": 4, "status": "OK", "ticker": "GM"}