{"adjusted": false, "count": 4, "queryCount": 4, "request_id": "71ec94ebc29df1bf74b36b9ba90c4107", "results": [{"c": 38.15, "h": 38.69, "l": 37.64, "n": 159129, "o": 38.03, "t": 1776744000000, "v": 20598037.40654, "vw": 38.1261}, {"c": 39.11, "h": 39.53, "l": 38.78, "n": 123952, "o": 39.01, "t": 1776830400000, "v": 16573822.71347, "vw": 39.1855}, {"c": 39.65, "h": 40.31, "l": 38.9065, "n": 123499, "o": 39.11, "t": 1776916800000, "v": 14121271.310974, "vw": 39.8492}, {"c": 40.36, "h": 40.365, "l": 39.08, "n": 127086, "o": 39.8, "t": 1777003200000, "v": 14361501.630426, "vw": 40.0167}], "resultsCount": 4, "status": "OK", "ticker": "HAL"}