{"adjusted": false, "count": 3, "queryCount": 3, "request_id": "096dbcece489eafa62c0e31b0fba4c41", "results": [{"c": 33.19, "h": 33.84, "l": 32.375, "n": 247434, "o": 33.33, "t": 1784606400000, "v": 34081299.754261, "vw": 33.0582}, {"c": 33.03, "h": 33.815, "l": 32.665, "n": 148387, "o": 33.56, "t": 1784692800000, "v": 19471659.784141, "vw": 33.0184}, {"c": 32.71, "h": 33.81, "l": 32.585, "n": 101181, "o": 33.5, "t": 1784779200000, "v": 14422733.841486, "vw": 32.9999}], "resultsCount": 3, "status": "DELAYED", "ticker": "HAL"}