{"adjusted": false, "count": 3, "queryCount": 3, "request_id": "ecce7a02b6911992c73b1a563af1583a", "results": [{"c": 170.76, "h": 176.16, "l": 169, "n": 167364, "o": 169.09, "t": 1784606400000, "v": 11003517.925333, "vw": 172.2837}, {"c": 170.76, "h": 174.65, "l": 169.73, "n": 77419, "o": 172.05, "t": 1784692800000, "v": 4593817.615327, "vw": 171.7944}, {"c": 169.59, "h": 171.99, "l": 168.315, "n": 66426, "o": 170.99, "t": 1784779200000, "v": 4737084.24614, "vw": 169.6571}], "resultsCount": 3, "status": "DELAYED", "ticker": "MMM"}