{"adjusted": false, "count": 4, "queryCount": 4, "request_id": "a06c996fcfa7209e629d59b68e764ff4", "results": [{"c": 148.47, "h": 158.1435, "l": 146.86, "n": 126082, "o": 151.77, "t": 1776744000000, "v": 7233665.170709, "vw": 149.8391}, {"c": 145.78, "h": 150.91, "l": 144.75, "n": 74736, "o": 150.62, "t": 1776830400000, "v": 4582964.95411, "vw": 146.3453}, {"c": 144.84, "h": 147.365, "l": 143.59, "n": 85534, "o": 146.2, "t": 1776916800000, "v": 5138333.548699, "vw": 145.0976}, {"c": 145.99, "h": 146.28, "l": 144, "n": 68789, "o": 144.41, "t": 1777003200000, "v": 5930968.51, "vw": 145.5397}], "resultsCount": 4, "status": "OK", "ticker": "MMM"}