{"adjusted": false, "count": 3, "queryCount": 3, "request_id": "93fa70be62cc715ef850178d39af8fa6", "results": [{"c": 99.96, "h": 104.4842, "l": 99.71, "n": 186687, "o": 104.18, "t": 1784606400000, "v": 14815079.671676, "vw": 101.1857}, {"c": 100.8, "h": 101.34, "l": 99.42, "n": 99382, "o": 101.34, "t": 1784692800000, "v": 7797588.078394, "vw": 100.418}, {"c": 101.61, "h": 102.71, "l": 100.27, "n": 98072, "o": 100.27, "t": 1784779200000, "v": 8258441.983966, "vw": 101.7038}], "resultsCount": 3, "status": "DELAYED", "ticker": "SCHW"}