{"adjusted": false, "count": 2, "queryCount": 2, "request_id": "9f9abff340f8f0c5c18d0f04988066ff", "results": [{"c": 92.62, "h": 98.75, "l": 91.92, "n": 311625, "o": 95.76, "t": 1776312000000, "v": 27859520.652173, "vw": 93.9775}, {"c": 92.28, "h": 93.93, "l": 90.565, "n": 180091, "o": 93.35, "t": 1776398400000, "v": 20191285.791394, "vw": 92.2431}], "resultsCount": 2, "status": "OK", "ticker": "SCHW"}